,Avg Excess Return,Avg |Alpha|,Avg |t(Alpha)|,Alpha / Avg Excess,Avg b_MKT,Avg b_SMB,Avg b_HML,Avg b_RMW,Avg b_CMA,Avg R2
Size-BM (25 SMB),0.6974228674790557,0.11630119148228112,1.4987026236039551,0.16675850033806608,1.0250904354953774,0.5648954206117003,0.18313434670645778,0.012656741274885898,0.013515277570251526,0.91995168954624
Size-INV (25 SIN),0.7360645214521451,0.08636653937556744,1.3288717796535503,0.11733555531949726,1.0182098104422763,0.5367046012055663,0.08364775359046472,0.026124579755430432,0.08620030605915044,0.9315506695464285
Size-OP (25 SOP),0.7015148580858086,0.06551388429147924,0.9484074862975246,0.09338916137891073,1.0257488677671187,0.5252277798181616,0.11302658385228154,0.04149557188904204,0.01638107136726205,0.9299440822456547
ME-BM INV (32 BMIN),0.7365963902640265,0.0994920642801661,1.2838859889066194,0.13506998621660915,1.0243154094347564,0.429662936051923,0.20420119066680983,0.09231175138501788,0.10069673684151631,0.8863743189741962
ME-BM OP (32 BMOP),0.720147210189769,0.1166738974288535,1.232667507724663,0.1620139546164572,1.0415684878473774,0.4354981095720321,0.21314473899555053,0.10078299070908533,0.02303204887829543,0.8580839080087347
ME-OP INV (32 OPIN),0.720147210189769,0.1166738974288535,1.232667507724663,0.1620139546164572,1.0415684878473774,0.4354981095720321,0.21314473899555053,0.10078299070908533,0.02303204887829543,0.8580839080087347
Overall Average,0.7186488429434291,0.10017024571453348,1.254200482318496,0.13943018541433294,1.0294169164723808,0.48791449280523597,0.16838322546785248,0.06235910428709116,0.04380958159912853,0.8973314293883314
