,GRS Statistic,p-value,df1,df2
Size-BM (25 SMB),63.196451663494656,1.1102230246251565e-16,26,575
Size-INV (25 SIN),3.5200095739309396,3.1925063925797303e-08,25,576
Size-OP (25 SOP),1.8933340924061297,0.005784913730277008,25,576
ME-BM INV (32 BMIN),2.1770820518860403,0.0002505183057550653,32,569
ME-BM OP (32 BMOP),1.9947697751843159,0.0011192777643614926,32,569
ME-OP INV (32 OPIN),1.9947697751843159,0.0011192777643614926,32,569
